text,swapped_text,orig_pred,swap_pred,changed_prediction,max_probability_shift,swap_direction
"He has served as the Design Editor for Cream City Review, and became the Poetry Editor for Storm Cellar. Madison holds an MFA from the University of Notre Dame and will be a 2018 Artist-In-Residence at The Millay Colony for the Arts.","She has served as the Design Editor for Cream City Review, and became the Poetry Editor for Storm Cellar. Madison holds an MFA from the University of Notre Dame and will be a 2018 Artist-In-Residence at The Millay Colony for the Arts.",11,11,False,0.02479584515094757,male->female
"His research focuses on algorithmic mechanism design, including multidimensional auctions. His thesis on this topic was awarded the ACM SIGecom doctoral dissertation award. More recently, he's additionally working on mechanism design for cryptocurrencies and social good domains.","Hers research focuses on algorithmic mechanism design, including multidimensional auctions. Hers thesis on this topic was awarded the ACM SIGecom doctoral dissertation award. More recently, she's additionally working on mechanism design for cryptocurrencies and social good domains.",21,21,False,0.07531148195266724,male->female
She is board certified geriatric primary care nurse practitioner in Illinois. She has been actively teaching clinical group of graduate and undergraduate students focused on old adult’s population in the University of Illinois at Chicago Hospital. She has strong research interest in improving quality of care for older adults in Chicago community nursing homes by reducing 30-day hospital readmission.,He is board certified geriatric primary care nurse practitioner in Illinois. He has been actively teaching clinical group of graduate and undergraduate students focused on old adult’s population in the University of Illinois at Chicago Hospital. He has strong research interest in improving quality of care for older adults in Chicago community nursing homes by reducing 30-day hospital readmission.,13,21,True,0.5528886318206787,female->male
"His research interests focus on the epigenetic mechanisms behind the vascular and retinal cell phenotype changes. Together with collaborators, his lab is also exploring innovative ways to therapeutically target these mechanisms by using engineered drug delivery platforms.","Hers research interests focus on the epigenetic mechanisms behind the vascular and retinal cell phenotype changes. Together with collaborators, hers lab is also exploring innovative ways to therapeutically target these mechanisms by using engineered drug delivery platforms.",21,21,False,0.01775979995727539,male->female
"She graduated with honors in 1996. Having more than 21 years of diverse experiences, especially in NURSE PRACTITIONER, Cynthia N Milstead affiliates with many hospitals including Flowers Hospital, Southeast Alabama Medical Center, and cooperates with other doctors and specialists in many medical groups including Piedmont Medical Care Corporation, Southeast Alabama Rural Health Associates. Call Cynthia N Milstead on phone number (334) 446-0076 for more information and advises or to book an appointment.","He graduated with honors in 1996. Having more than 21 years of diverse experiences, especially in NURSE PRACTITIONER, Cynthia N Milstead affiliates with many hospitals including Flowers Hospital, Southeast Alabama Medical Center, and cooperates with other doctors and specialists in many medical groups including Piedmont Medical Care Corporation, Southeast Alabama Rural Health Associates. Call Cynthia N Milstead on phone number (334) 446-0076 for more information and advises or to book an appointment.",13,13,False,0.00010353326797485352,female->male
She is a native of Puerto Rico. She is an environmental epidemiologist and conducts research to assess human health effects from exposure to environmental pollutants. She is currently leading a project in Northeast Tennessee to study the role of household air pollution on COPD.,He is a native of Puerto Rico. He is an environmental epidemiologist and conducts research to assess human health effects from exposure to environmental pollutants. He is currently leading a project in Northeast Tennessee to study the role of household air pollution on COPD.,21,21,False,0.26120540499687195,female->male
"She practices at Apollo Spectra Hospitals, Chembur, Mumbai. She is a member of the Bombay Ophthalmology Association and the Tamil Nadu Ophthalmic Association. She specializes in Cataract Surgery, Glaucoma Traub Surgery, Chalazion Excision and Pterygium with autograft.","He practices at Apollo Spectra Hospitals, Chembur, Mumbai. He is a member of the Bombay Ophthalmology Association and the Tamil Nadu Ophthalmic Association. He specializes in Cataract Surgery, Glaucoma Traub Surgery, Chalazion Excision and Pterygium with autograft.",25,25,False,0.44121792912483215,female->male
He attended the University of Colorado Denver School of Medicine and subsequently trained at Arizona Health Sciences Center and Rush University Medical Center for residency. Dr. Herr is conversant in Spanish.,She attended the University of Colorado Denver School of Medicine and subsequently trained at Arizona Health Sciences Center and Rush University Medical Center for residency. Dr. Herr is conversant in Spanish.,19,19,False,0.004098765552043915,male->female
"She was born in Santa Monica on June 1, 1985. She is listed on FreeOnes since 2008 and is currently ranked 6137th place. She currently has 12 gallery links in her own FreeOnes section.","He was born in Santa Monica on June 1, 1985. He is listed on FreeOnes since 2008 and is currently ranked 6137th place. He currently has 12 gallery links in him own FreeOnes section.",12,12,False,0.4464064836502075,female->male
He is the author of The Enemy Within: Fears of Corruption in the Civil War North (2011) and co-editor of This Distracted and Anarchical People: New Answers for Old Questions about the Civil War-Era North (2013).,She is the author of The Enemy Within: Fears of Corruption in the Civil War North (2011) and co-editor of This Distracted and Anarchical People: New Answers for Old Questions about the Civil War-Era North (2013).,21,21,False,0.09195805341005325,male->female
"She has been affiliated with the York Centre for International and Security Studies for a decade, and is currently an External Associate. She is also a Research Fellow at the Centre for Defence and Security Studies at the University of Manitoba. Samantha Arnold served as the Director of the Institute for Human Rights and Global Studies at the UW's Global College.","He has been affiliated with the York Centre for International and Security Studies for a decade, and is currently an External Associate. He is also a Research Fellow at the Centre for Defence and Security Studies at the University of Manitoba. Samantha Arnold served as the Director of the Institute for Human Rights and Global Studies at the UW's Global College.",21,21,False,0.005165278911590576,female->male
"Born in Ghana, Mr. Lincoln, 33, was given his name by his grandfather, ""because Abraham Lincoln freed the slaves,"" he explained. The grandfather was so enamored of Lincoln that he gave his daughter-in-law a cow for giving birth on Feb. 16, since Lincoln was the 16th American president. Mr. Lincoln is standing on the stage in the Great Hall of Cooper Union, where in 1860 Abraham Lincoln made a historic speech that made him a national figure. His pose, however, echoes a photograph by Mathew B. Brady taken in 1864.","Born in Ghana, Mr. Lincoln, 33, was given hers name by hers grandfather, ""because Abraham Lincoln freed the slaves,"" she explained. The grandfather was so enamored of Lincoln that she gave hers son-in-law a cow for giving birth on Feb. 16, since Lincoln was the 16th American president. Mr. Lincoln is standing on the stage in the Great Hall of Cooper Union, where in 1860 Abraham Lincoln made a historic speech that made her a national figure. Hers pose, however, echoes a photograph by Mathew B. Brady taken in 1864.",2,2,False,0.06237435340881348,mixed
"He is also a Clinical Volunteer Faculty at the University of California, Irvine, Department of Orthopaedic Surgery. Along with Program Director, Dr. Mark Halikis, Dr. Dinh provides consultation, surgical care, treatment, and follow-up rehabilitation to Children's Hospital of Orange County (CHOC) patients with congenital or acquired hand conditions. This clinic is the site where Dr. Dinh actively participates in teaching orthopaedic residents and medical students in the field of hand surgery.","She is also a Clinical Volunteer Faculty at the University of California, Irvine, Department of Orthopaedic Surgery. Along with Program Director, Dr. Mark Halikis, Dr. Dinh provides consultation, surgical care, treatment, and follow-up rehabilitation to Children's Hospital of Orange County (CHOC) patients with congenital or acquired hand conditions. This clinic is the site where Dr. Dinh actively participates in teaching orthopaedic residents and medical students in the field of hand surgery.",21,21,False,0.029279232025146484,male->female
"She has also studied theology. Suzanne utilizes cognitive-behavioural, solution-focused, narrative, and experiential approaches in her work with individuals, couples and families. She has facilitated self-esteem and body image groups, as well as Dialectical Behaviour Therapy (DBT) groups. Her areas of specialization include anxiety, crises of meaning, sexual concerns, depression, self-harm and grief/loss. Suzanne welcomes the opportunity to work with members of the LGBTTTIQQ community.","He has also studied theology. Suzanne utilizes cognitive-behavioural, solution-focused, narrative, and experiential approaches in him work with individuals, couples and families. He has facilitated self-esteem and body image groups, as well as Dialectical Behaviour Therapy (DBT) groups. Him areas of specialization include anxiety, crises of meaning, sexual concerns, depression, self-harm and grief/loss. Suzanne welcomes the opportunity to work with members of the LGBTTTIQQ community.",22,22,False,0.2366735339164734,female->male
"He has 34 years of experience. His specialties include Oral and Maxillofacial Surgery and General Dentistry. Dr. Kootman is affiliated with St Josephs Hospital and Med Center, West Valley Hospital Medical Center and John C Lincoln Hospital - North Mountain. He speaks English.","She has 34 years of experience. Hers specialties include Oral and Maxillofacial Surgery and General Dentistry. Dr. Kootman is affiliated with St Josephs Hospital and Med Center, West Valley Hospital Medical Center and John C Lincoln Hospital - North Mountain. She speaks English.",6,6,False,0.046264588832855225,male->female
She is the Faculty Administrator of the Muskingum University Center for Child Development and is an advisor for majors in Child and Family Studies and Psychology. She teaches courses in developmental psychology and cognition. Her research interests are in language and cognitive development in childhood.,He is the Faculty Administrator of the Muskingum University Center for Child Development and is an advisor for majors in Child and Family Studies and Psychology. He teaches courses in developmental psychology and cognition. Him research interests are in language and cognitive development in childhood.,22,21,True,0.3424908518791199,female->male
"After obtaining degrees in Piano and History, he studied composition at the Escola Superior de Música de Catalunya in Barcelona and the Sibelius Academy in Helsinki. Following this, he moved to New York where he earned a Master’s Degree in Composition for Film and Multimedia at NYU Steinhardt on a full scholarship from La Caixa and earned the Elmer Bernstein Award upon graduation.","After obtaining degrees in Piano and History, she studied composition at the Escola Superior de Música de Catalunya in Barcelona and the Sibelius Academy in Helsinki. Following this, she moved to New York where she earned a Master’s Degree in Composition for Film and Multimedia at NYU Steinhardt on a full scholarship from La Caixa and earned the Elmer Bernstein Award upon graduation.",9,9,False,0.05720493197441101,male->female
"She received her BSN from the University of Central Florida in 1984 and has been living in Denver, CO since 1990. She enjoys hiking, paddle boarding with Guinness the scottish terrier, tai chi, working on cool cars, and gardening.","He received him BSN from the University of Central Florida in 1984 and has been living in Denver, CO since 1990. He enjoys hiking, paddle boarding with Guinness the scottish terrier, tai chi, working on cool cars, and gardening.",21,21,False,0.4211190938949585,female->male
She still goes to church on Sunday but it’s what she does Monday through Saturday that would shock the congregation. MPAA Rating: NOTRATED Entertainment One Video Rating: 0 / 5,He still goes to church on Sunday but it’s what he does Monday through Saturday that would shock the congregation. MPAA Rating: NOTRATED Entertainment One Video Rating: 0 / 5,11,11,False,0.019149795174598694,female->male
"His focus is on artificial intelligence, with interests in the development of new algorithms and ""the application of machine learning methods to complex problems in software engineering, computer security, computer networks and bioinformatics.""","Hers focus is on artificial intelligence, with interests in the development of new algorithms and ""the application of machine learning methods to complex problems in software engineering, computer security, computer networks and bioinformatics.""",21,21,False,0.007186830043792725,male->female
"Patient ratings for Dr. Badger average 4.5 stars out of 5. He honors several insurance carriers, including Humana HMO, Humana Bronze, and Humana Catastrophic.","Patient ratings for Dr. Badger average 4.5 stars out of 5. She honors several insurance carriers, including Humana HMO, Humana Bronze, and Humana Catastrophic.",25,6,True,0.137638121843338,male->female
"A professional flying trapeze artist, high diver, and skydiver, she researches perceptions of risk and attitudes toward death, particularly among groups that are often stereotyped and misunderstood. Playing Dead","A professional flying trapeze artist, high diver, and skydiver, he researches perceptions of risk and attitudes toward death, particularly among groups that are often stereotyped and misunderstood. Playing Dead",26,1,True,0.08031486719846725,female->male
"She is an active member of the Academy of Management, the national professional organization for scholars in management, and regularly presents papers and chairs sessions at the organizations national meetings. Dr. Sundaramurthy received the Academys Business Policy and Strategy Division Outstanding Reviewer Award in 2000, 2002, 2003, and 2004. She was also elected to serve on the Divisions Research Committee (2002-2004). In 2005 she was recognized by the Entrepreneurship Division of the Academy for her outstanding reviewing. Before entering academic life, Dr. Sundaramurthy practiced corporate and taxation law in India. She received her Ph.D. from the University of Illinois at Urbana-Champaign and served on the faculty at the University of Cincinnati and University of Kentucky before joining SDSU in 2003.","He is an active member of the Academy of Management, the national professional organization for scholars in management, and regularly presents papers and chairs sessions at the organizations national meetings. Dr. Sundaramurthy received the Academys Business Policy and Strategy Division Outstanding Reviewer Award in 2000, 2002, 2003, and 2004. He was also elected to serve on the Divisions Research Committee (2002-2004). In 2005 he was recognized by the Entrepreneurship Division of the Academy for him outstanding reviewing. Before entering academic life, Dr. Sundaramurthy practiced corporate and taxation law in India. He received him Ph.D. from the University of Illinois at Urbana-Champaign and served on the faculty at the University of Cincinnati and University of Kentucky before joining SDSU in 2003.",21,21,False,0.009856104850769043,female->male
He was previously an associate professor of anesthesiology and critical care at Johns Hopkins University School of Medicine. He is interested in the molecular mechanisms of brain injury following stroke and in the mechanisms regulating blood flow in brain. His research focuses on how men and women respond differently to stroke and the roles played by the female sex hormone estrogen and a particular group of enzymes in regulating blood flow in brain and protecting an individual from stroke.,She was previously an associate professor of anesthesiology and critical care at Johns Hopkins University School of Medicine. She is interested in the molecular mechanisms of brain injury following stroke and in the mechanisms regulating blood flow in brain. Hers research focuses on how men and women respond differently to stroke and the roles played by the male sex hormone estrogen and a particular group of enzymes in regulating blood flow in brain and protecting an individual from stroke.,21,21,False,0.01917397975921631,mixed
"He possesses unique skill sets in data analysis and visualisation including transport modelling, statistics, econometrics, GIS and remote sensing. His research interests span three key areas of urban/transport planning:","She possesses unique skill sets in data analysis and visualisation including transport modelling, statistics, econometrics, GIS and remote sensing. Hers research interests span three key areas of urban/transport planning:",21,21,False,0.12744969129562378,male->female
"Originally from Nebraska, he is a registered member of the Rosebud Sioux Tribe in South Dakota. As a teacher, he believes that education is one of the biggest boundaries facing Native people. Mr. Broken Rope is a first-generation college student, and his essay is a reflection on that.","Originally from Nebraska, she is a registered member of the Rosebud Sioux Tribe in South Dakota. As a teacher, she believes that education is one of the biggest boundaries facing Native people. Mr. Broken Rope is a first-generation college student, and hers essay is a reflection on that.",21,26,True,0.1533205807209015,male->female
"He teaches Historical Theology courses at Saint Louis University such as Early Church Survey, Teachers in Early Christianity, and History of Christian Apologetics.","She teaches Historical Theology courses at Saint Louis University such as Early Church Survey, Teachers in Early Christianity, and History of Christian Apologetics.",21,21,False,0.015342772006988525,male->female
"She holds a PhD in Iberian and Latin American Cultures from Stanford University, as well as BA and MA degrees in Brazilian Literature from the State University of Rio de Janeiro. She is currently working on a book project titled Fictional Environments: Mimesis and Deforestation in Latin America, that investigates how fictional works have become sites for the production of knowledge, imagination, and intervention on Latin American environments from the 1940s to the 1960s. She is the author of O Duplo do Pai: 0 Filho e a Fico de Cristovo Tezza (2013), and of a number of articles on Latin American and Luso-Brazilian literature.","He holds a PhD in Iberian and Latin American Cultures from Stanford University, as well as BA and MA degrees in Brazilian Literature from the State University of Rio de Janeiro. He is currently working on a book project titled Fictional Environments: Mimesis and Deforestation in Latin America, that investigates how fictional works have become sites for the production of knowledge, imagination, and intervention on Latin American environments from the 1940s to the 1960s. He is the author of O Duplo do Pai: 0 Filho e a Fico de Cristovo Tezza (2013), and of a number of articles on Latin American and Luso-Brazilian literature.",21,21,False,0.027945220470428467,female->male
She is an American Bar Association certified Paralegal with an Associate of Arts degree in Paralegal Studies from Cerritos College and a Bachelor of Science degree in Business Management from the University of Phoenix. She holds Certificates in Mediation and Domestic Violence Counseling/Advocacy. Ms. Teglia has been working in the legal field since 1983 and has specialized in family law since 1985. She is also a Notary Public.,He is an American Bar Association certified Paralegal with an Associate of Arts degree in Paralegal Studies from Cerritos College and a Bachelor of Science degree in Business Management from the University of Phoenix. He holds Certificates in Mediation and Domestic Violence Counseling/Advocacy. Ms. Teglia has been working in the legal field since 1983 and has specialized in family law since 1985. He is also a Notary Public.,2,2,False,0.04740500450134277,female->male
"Teaching in a decrepit Los Angeles neighborhood, Esquith took it upon himself to impart the works of Shakespeare to the kids who patrol the streets by night and reluctantly turn up... Rafe Esquith is a teacher who really did make a difference. Teaching in a decrepit Los Angeles neighborhood, Esquith took it upon himself to impart the works of Shakespeare to the kids who patrol the streets by night and reluctantly turn up to school by day. As this film shows, the results were remarkable, with the majority of the kids taking to the Bard like a duck to water, largely thanks to Esquith's innovative teaching methods.","Teaching in a decrepit Los Angeles neighborhood, Esquith took it upon herself to impart the works of Shakespeare to the kids who patrol the streets by night and reluctantly turn up... Rafe Esquith is a teacher who really did make a difference. Teaching in a decrepit Los Angeles neighborhood, Esquith took it upon herself to impart the works of Shakespeare to the kids who patrol the streets by night and reluctantly turn up to school by day. As this film shows, the results were remarkable, with the majority of the kids taking to the Bard like a duck to water, largely thanks to Esquith's innovative teaching methods.",26,26,False,0.003694094717502594,mixed
"She concentrates her practice in the areas of employment litigation, discrimination, harassment, higher education, leaves of absence and disability accommodation, hiring, performance management, firing, and employment policies.","He concentrates him practice in the areas of employment litigation, discrimination, harassment, higher education, leaves of absence and disability accommodation, hiring, performance management, firing, and employment policies.",2,2,False,0.003349863924086094,female->male
"She has worked extensively with children, adolescents, adults and families from a wide variety of ethnic and cultural backgrounds. She works with her clients to address a wide range of issues and concerns, including:","He has worked extensively with children, adolescents, adults and families from a wide variety of ethnic and cultural backgrounds. He works with him clients to address a wide range of issues and concerns, including:",13,13,False,0.1607898473739624,female->male
"Areas of expertise for Dr. Kreditor include bladder cancer, chronic myeloid leukemia (CML), and esophageal cancer. Dr. Kreditor is affiliated with NYU Langone. He attended Tel Aviv University, Sackler Faculty of Medicine for medical school and subsequently trained at a hospital affiliated with New York University (NYU) for residency. His average rating from his patients is 2.5 stars out of 5. Dr. Kreditor honors several insurance carriers, including Coresource, Aetna EPO, and Blue Cross/Blue Shield.","Areas of expertise for Dr. Kreditor include bladder cancer, chronic myeloid leukemia (CML), and esophageal cancer. Dr. Kreditor is affiliated with NYU Langone. She attended Tel Aviv University, Sackler Faculty of Medicine for medical school and subsequently trained at a hospital affiliated with New York University (NYU) for residency. Hers average rating from hers patients is 2.5 stars out of 5. Dr. Kreditor honors several insurance carriers, including Coresource, Aetna EPO, and Blue Cross/Blue Shield.",19,19,False,0.010765880346298218,male->female
"She received her BFA in painting from the University of North Carolina at Chapel Hill in 1994, where she studied under Elin O’Hara Slavick, Marvin Saltzman, and Dennis Zaborowski. In 2000, Julie started the award winning design company, Jack and Lulu. Her design work has been featured in Vogue, Elle Decor, Food and Wine, House Beautiful, and Coastal Living. Julie’s work embraces the light, architecture and landscapes of New England and also the South where she grew up. She was recently elected as a member of the prestigious Connecticut Women Artists.","He received him BFA in painting from the University of North Carolina at Chapel Hill in 1994, where he studied under Elin O’Hara Slavick, Marvin Saltzman, and Dennis Zaborowski. In 2000, Julie started the award winning design company, Jack and Lulu. Him design work has been featured in Vogue, Elle Decor, Food and Wine, House Beautiful, and Coastal Living. Julie’s work embraces the light, architecture and landscapes of New England and also the South where he grew up. He was recently elected as a member of the prestigious Connecticut Women Artists.",21,1,True,0.4668152928352356,female->male
"Dr. Tschirhart's clinical interests include liposarcoma, feeding tube insertion, and leiomyosarcoma. He takes Medicare insurance. He studied medicine at the University of Michigan Medical School. His medical residency was performed at Swedish Medical Center, Seattle. Dr. Tschirhart is professionally affiliated with Swedish Cherry Hill Campus, Swedish Issaquah Campus, and Swedish First Hill Campus.","Dr. Tschirhart's clinical interests include liposarcoma, feeding tube insertion, and leiomyosarcoma. She takes Medicare insurance. She studied medicine at the University of Michigan Medical School. Hers medical residency was performed at Swedish Medical Center, Seattle. Dr. Tschirhart is professionally affiliated with Swedish Cherry Hill Campus, Swedish Issaquah Campus, and Swedish First Hill Campus.",19,19,False,0.019849330186843872,male->female
"Born in Milan (Italy), he decided to move to Turku (Finland) in the year 2007, where he is currently living and studying at the Turku University of Applied Sciences.","Born in Milan (Italy), she decided to move to Turku (Finland) in the year 2007, where she is currently living and studying at the Turku University of Applied Sciences.",26,26,False,0.1706770658493042,male->female
"Her analog work can be found in various online and print publications, most recently in Shots Magazine, and in She Shoots Film: Self Portraits. She has exhibited internationally, and is a member of the 12.12 Project, an instant-film artists’ collective.","Him analog work can be found in various online and print publications, most recently in Shots Magazine, and in He Shoots Film: Self Portraits. He has exhibited internationally, and is a member of the 12.12 Project, an instant-film artists’ collective.",18,11,True,0.06956174969673157,female->male
"She currently lives in Gunbarrel, CO, where she is earning her MFA in Writing & Poetics at the Jack Kerouac School of Disembodied Poetics at Naropa University. She has been published in several print and online journals and curates the monthly performance series Bouldering Poets.","He currently lives in Gunbarrel, CO, where he is earning him MFA in Writing & Poetics at the Jack Kerouac School of Disembodied Poetics at Naropa University. He has been published in several print and online journals and curates the monthly performance series Bouldering Poets.",21,21,False,0.16364578902721405,female->male
She worked as an intelligence analyst for the Federal Bureau of Investigation and as a police officer for several policing agencies in Western New York.,He worked as an intelligence analyst for the Federal Bureau of Investigation and as a police officer for several policing agencies in Western New York.,2,2,False,0.015341430902481079,female->male
"She studies the development of achievement motivation, examining how student motivational beliefs and behaviors interact with the educational context to contribute to underachievement, particularly among gifted students. In this research, she integrates across multiple theoretical perspectives in motivation and has proposed a theoretical model of multiple pathways in the development of underachievement. Her empirical approach to testing mechanisms and psychological processes within model includes multiple methods such as longitudinal analysis, instrument development, and experimental methodology.","He studies the development of achievement motivation, examining how student motivational beliefs and behaviors interact with the educational context to contribute to underachievement, particularly among gifted students. In this research, he integrates across multiple theoretical perspectives in motivation and has proposed a theoretical model of multiple pathways in the development of underachievement. Him empirical approach to testing mechanisms and psychological processes within model includes multiple methods such as longitudinal analysis, instrument development, and experimental methodology.",21,21,False,0.003711472265422344,female->male
"She graduated with honors in 2001. Having more than 15 years of diverse experiences, especially in NURSE PRACTITIONER, Terri L Bunting affiliates with many hospitals including Iowa Lutheran Hospital, Iowa Methodist Medical Center, and cooperates with other doctors and specialists in many medical groups including Mercy Clinics Inc, Iowa Physicians Clinic Medical Foundation. Call Terri L Bunting on phone number (515) 440-0304 for more information and advises or to book an appointment.","He graduated with honors in 2001. Having more than 15 years of diverse experiences, especially in NURSE PRACTITIONER, Terri L Bunting affiliates with many hospitals including Iowa Lutheran Hospital, Iowa Methodist Medical Center, and cooperates with other doctors and specialists in many medical groups including Mercy Clinics Inc, Iowa Physicians Clinic Medical Foundation. Call Terri L Bunting on phone number (515) 440-0304 for more information and advises or to book an appointment.",13,13,False,8.863210678100586e-05,female->male
"Dr. Wages spent 13 years serving Alaska Native populations in Western Alaska and Kodiak Island before deciding to concentrate on serving babies, children and adolescents solely. Dr. Wages has been an active participant in the SW community where she resides with her husband, their two teenage children and adorable therapy dog/dental office mascot: Nutmeg. To connect with Dr. Wages and SW PDX Pediatric Dentistry, visit www.swpdxpediatricdentistry.com.","Dr. Wages spent 13 years serving Alaska Native populations in Western Alaska and Kodiak Island before deciding to concentrate on serving babies, children and adolescents solely. Dr. Wages has been an active participant in the SW community where he resides with him wife, their two teenage children and adorable therapy dog/dental office mascot: Nutmeg. To connect with Dr. Wages and SW PDX Pediatric Dentistry, visit www.swpdxpediatricdentistry.com.",6,6,False,0.046992719173431396,mixed
"Her research combines sociological and historical perspectives on the relations between two of society’s institutions: journalism and politics. Pollack received her doctorate in 2001 with a thesis on the development of Swedish crime journalism and criminal policy during the 1900s; and has followed up with more recent studies on crime news and the police's role as a news source. Currently she collaborates with criminologists in the project Organized Crime on the Agenda. She has also conducted research on the Swedish media during the second world war, on the so called Moscow trials in the Swedish press during the 1930s, on mediated political scandals in the Nordic countries from 1980s and onward and on the description of the Roma in Swedish press during the last twenty years.","Him research combines sociological and historical perspectives on the relations between two of society’s institutions: journalism and politics. Pollack received him doctorate in 2001 with a thesis on the development of Swedish crime journalism and criminal policy during the 1900s; and has followed up with more recent studies on crime news and the police's role as a news source. Currently he collaborates with criminologists in the project Organized Crime on the Agenda. He has also conducted research on the Swedish media during the second world war, on the so called Moscow trials in the Swedish press during the 1930s, on mediated political scandals in the Nordic countries from 1980s and onward and on the description of the Roma in Swedish press during the last twenty years.",21,21,False,0.028539180755615234,female->male
"Patients gave Dr. Kasinak an average rating of 2.0 stars out of 5. She is an in-network provider for several insurance carriers, including Humana HMO, Humana Bronze, and Humana Catastrophic. She is a graduate of Washington University in St. Louis School of Medicine.","Patients gave Dr. Kasinak an average rating of 2.0 stars out of 5. He is an in-network provider for several insurance carriers, including Humana HMO, Humana Bronze, and Humana Catastrophic. He is a graduate of Washington University in St. Louis School of Medicine.",19,25,True,0.1639132797718048,female->male
"Her poetry collection, Tapa Talk, was published by Huia in 2007. Other poems and short stories have been published in journals and anthologies, among them Whetu Moana, Niu Voices, Landfall, Poetry New Zealand, Dreadlocks, Writing the Pacific, Trout, Blackmail Press, Snorkel and Best New Zealand Poems. Serie was the recipient of the 2011 Seresin Landfall Residency. Her new book, Entangled Islands, is forthcoming from Anahera Press later this year.","Him poetry collection, Tapa Talk, was published by Huia in 2007. Other poems and short stories have been published in journals and anthologies, among them Whetu Moana, Niu Voices, Landfall, Poetry New Zealand, Dreadlocks, Writing the Pacific, Trout, Blackmail Press, Snorkel and Best New Zealand Poems. Serie was the recipient of the 2011 Seresin Landfall Residency. Him new book, Entangled Islands, is forthcoming from Anahera Press later this year.",20,20,False,0.024938613176345825,female->male
"She is certified by the National Commission on Certification of Physician Assistants (NCCPA) and a member of Oregon Medical Association (OMA). She graduated from Stanford School of Medicine Primary Care Associate Program and obtained her Master's Degree in Medical Science from St. Francis University. She has several years of providing care to patients in a variety of fields including Oncology, Urgent Care and Family Practice.","He is certified by the National Commission on Certification of Physician Assistants (NCCPA) and a member of Oregon Medical Association (OMA). He graduated from Stanford School of Medicine Primary Care Associate Program and obtained him Master's Degree in Medical Science from St. Francis University. He has several years of providing care to patients in a variety of fields including Oncology, Urgent Care and Family Practice.",19,19,False,0.05267373472452164,female->male
"Mark received his PhD in Experimental Aerodynamics from the University of Manchester in 2008. Prior to joining the University of Nottingham in 2016, Mark was an Aerodynamic Consultant at Flow Science Ltd (2002-2003), a Postdoctoral Research Associate at the University of Manchester (2008-2011) and a Lecturer in Aerospace Engineering at Brunel University London (2011-2016). His main research interests include aerodynamic flow control in aerospace and automotive applications for drag reduction. This research combines experimental fluid mechanics, modeling and optimisation, and vehicle system integration studies. Mark is a Member of the Royal Aeronautical Society (MRAeS) and a co-opted member of the RAeS Aerodynamics Specialist Group.","Mark received hers PhD in Experimental Aerodynamics from the University of Manchester in 2008. Prior to joining the University of Nottingham in 2016, Mark was an Aerodynamic Consultant at Flow Science Ltd (2002-2003), a Postdoctoral Research Associate at the University of Manchester (2008-2011) and a Lecturer in Aerospace Engineering at Brunel University London (2011-2016). Hers main research interests include aerodynamic flow control in aerospace and automotive applications for drag reduction. This research combines experimental fluid mechanics, modeling and optimisation, and vehicle system integration studies. Mark is a Member of the Royal Aeronautical Society (MRAeS) and a co-opted member of the RAeS Aerodynamics Specialist Group.",21,21,False,0.00044831447303295135,male->female
"Dr. Sharon graduated from Oklahoma State University Center for Health Sciences College of Osteopathic Medicine in 1982 and has been in practice for 36 years. She completed a residency at St Barnabas Medical Center. Dr. Sharon also specializes in Surgical Oncology. She currently practices at Ingrid Sharon MD and is affiliated with Memorial Hospital North. Dr. Sharon accepts multiple insurance plans including Aetna, Rocky Mountain Health Plans and Medicare. Dr. Sharon also practices at Memorial Outpatient Radiology in Colorado Springs, CO.","Dr. Sharon graduated from Oklahoma State University Center for Health Sciences College of Osteopathic Medicine in 1982 and has been in practice for 36 years. He completed a residency at St Barnabas Medical Center. Dr. Sharon also specializes in Surgical Oncology. He currently practices at Ingrid Sharon MD and is affiliated with Memorial Hospital North. Dr. Sharon accepts multiple insurance plans including Aetna, Rocky Mountain Health Plans and Medicare. Dr. Sharon also practices at Memorial Outpatient Radiology in Colorado Springs, CO.",25,25,False,0.015319645404815674,female->male
She received her education at Loma Linda University School of Medicine. She received a Physician Assistant Faculty Award from Loma Linda University in 2006 and a School of Allied Health Rising Star Award in 2006.,He received him education at Loma Linda University School of Medicine. He received a Physician Assistant Faculty Award from Loma Linda University in 2006 and a School of Allied Health Rising Star Award in 2006.,19,19,False,0.05129662901163101,female->male
"After growing up in Los Osos, he moved to Tucson Arizona for his architectural degree where he specialized in sustainable design and design build work. Bringing together his passion in architecture, landscape architecture, engineering and environmental design; Will sees the importance in collaboration and teamwork to create the best product possible. With a strong background in non-profit work, Will enjoys working and giving back to the community through community engagement and outreach.","After growing up in Los Osos, she moved to Tucson Arizona for hers architectural degree where she specialized in sustainable design and design build work. Bringing together hers passion in architecture, landscape architecture, engineering and environmental design; Will sees the importance in collaboration and teamwork to create the best product possible. With a strong background in non-profit work, Will enjoys working and giving back to the community through community engagement and outreach.",1,1,False,0.007807314395904541,male->female
"He is hired by a movie executive to protect a locations manager, who has run afoul of the Mafia (or in Chicago, ""the Outfit"") and faces a death threat because of his plan to testify in court. And as Dudgeon gets more involved, the killers set their sights on him as well. As he finds himself getting deeper and deeper into what seemed like a simple protection case, Dudgeon is also struggling with the pull of a romantic relationship and his own personal demons.","She is hired by a movie executive to protect a locations manager, who has run afoul of the Mafia (or in Chicago, ""the Outfit"") and faces a death threat because of hers plan to testify in court. And as Dudgeon gets more involved, the killers set their sights on her as well. As she finds herself getting deeper and deeper into what seemed like a simple protection case, Dudgeon is also struggling with the pull of a romantic relationship and hers own personal demons.",2,2,False,0.05566015839576721,male->female
"Her clinical interests include dental crown placement, tooth repair, and teeth whitening. She honors Blue Cross/Blue Shield, Blue Cross Blue Shield Bronze, and Blue Cross Blue Shield HMO, as well as other insurance carriers. Dr. Wertheimer trained at Abington Memorial Hospital for residency.","Him clinical interests include dental crown placement, tooth repair, and teeth whitening. He honors Blue Cross/Blue Shield, Blue Cross Blue Shield Bronze, and Blue Cross Blue Shield HMO, as well as other insurance carriers. Dr. Wertheimer trained at Abington Memorial Hospital for residency.",6,6,False,0.0193825364112854,female->male
"For him, PrinTao 8 is a revolution, like a high-end RIP at a fraction of the cost. Complicated color management will be a thing of the past. (Frank’s website)","For her, PrinTao 8 is a revolution, like a high-end RIP at a fraction of the cost. Complicated color management will be a thing of the past. (Frank’s website)",26,26,False,0.033972203731536865,male->female
"Throughout his legal career, James has striven to learn from the best of the best. He graduated from the University of Denver’s Sturm College of Law where he excelled on the school’s mock trial team and graduated with honors in the top 5% of his class. After law school, he served as a judicial law clerk for the Hon. James S. Casebolt. Prior to joining Ogborn Mihm LLP, James worked as an associate at a renowned Denver litigation firm where he represented clients in multi-million dollar disputes. James recognizes that clients come to him because of problems that they cannot solve on their own. He has dedicated himself to working tirelessly to solve those problems and getting his clients the results they deserve.","Throughout hers legal career, James has striven to learn from the best of the best. She graduated from the University of Denver’s Sturm College of Law where she excelled on the school’s mock trial team and graduated with honors in the top 5% of hers class. After law school, she served as a judicial law clerk for the Hon. James S. Casebolt. Prior to joining Ogborn Mihm LLP, James worked as an associate at a renowned Denver litigation firm where she represented clients in multi-million dollar disputes. James recognizes that clients come to her because of problems that they cannot solve on their own. She has dedicated herself to working tirelessly to solve those problems and getting hers clients the results they deserve.",2,2,False,0.004806842654943466,male->female
"He is qualified as a social sport instructor, specialized in Tai Chi and Health Qigong, which is certified by the National Administration Bureau of Sports of China. He is also entitled as the Fourth Level of martial art (the ranking of Chinese martial arts).","She is qualified as a social sport instructor, specialized in Tai Chi and Health Qigong, which is certified by the National Administration Bureau of Sports of China. She is also entitled as the Fourth Level of martial art (the ranking of Chinese martial arts).",21,14,True,0.09546147286891937,male->female
"He is also a communication expert on several projects for the UNDP and the EU Development Program. He works as a digital marketing and influence strategies consultant for brands, NGOs and political organizations. http://nasri.messarra.com","She is also a communication expert on several projects for the UNDP and the EU Development Program. She works as a digital marketing and influence strategies consultant for brands, NGOs and political organizations. http://nasri.messarra.com",21,11,True,0.10157951712608337,male->female
"She completed her PhD at the University of Pennsylvania and received her bachelor’s and master’s degrees from University College Cork in her native Ireland. Before coming to UF, Amberson was a visiting faculty member at the University of California, Santa Barbara.","He completed him PhD at the University of Pennsylvania and received him bachelor’s and master’s degrees from University College Cork in him native Ireland. Before coming to UF, Amberson was a visiting faculty member at the University of California, Santa Barbara.",21,21,False,0.05457814782857895,female->male
"Famous for his iconic Love Sculpture, Robert Indiana also created this Hebrew version-Ahava. The Sculpture stands today in Jeruselem. This pendant is solid Sterling Silver, approximately 1"" square and 5mm thick. Pendant comes with a chain, shown here with an 18"" Wheat link chain, other chains are available upon request.","Famous for hers iconic Love Sculpture, Robert Indiana also created this Hebrew version-Ahava. The Sculpture stands today in Jeruselem. This pendant is solid Sterling Silver, approximately 1"" square and 5mm thick. Pendant comes with a chain, shown here with an 18"" Wheat link chain, other chains are available upon request.",11,13,True,0.06187630072236061,male->female
She completed her BSN at the University of Wisconsin-Madison and her Master's degree at the University of Wisconsin-Madison in 2007. She is certified by the Pediatric Nurses Credentialing Board (PNCB). She provides pre- and post-operative care and teaching for patients undergoing general neurosurgical procedures and their families.,He completed him BSN at the University of Wisconsin-Madison and him Master's degree at the University of Wisconsin-Madison in 2007. He is certified by the Pediatric Nurses Credentialing Board (PNCB). He provides pre- and post-operative care and teaching for patients undergoing general neurosurgical procedures and their families.,13,19,True,0.5766912698745728,female->male
"His main areas of teaching and research are in Foreign Policy, International Security, and Australian Politics. Previously he has been a lecturer in International and Australian Politics at both Macquarie University, and the University of New South Wales. Dr Mark is the author of The Causes of Intrastate War and Blainey's Hypothesis; Contemporary Issues in Australian Politics Reader. He is also a contributor to The Conversation and Business Spectator. BA (Hons), MA (The Australian National University), PhD (University of New South Wales).","Hers main areas of teaching and research are in Foreign Policy, International Security, and Australian Politics. Previously she has been a lecturer in International and Australian Politics at both Macquarie University, and the University of New South Wales. Dr Mark is the author of The Causes of Intrastate War and Blainey's Hypothesis; Contemporary Issues in Australian Politics Reader. She is also a contributor to The Conversation and Business Spectator. BA (Hons), MA (The Australian National University), PhD (University of New South Wales).",21,21,False,0.0013269491028040648,male->female
"She is the Member of the Union of Designers of the Republic of Moldova. Irena graduated from Chisinau Polytechnic Institute, Urban Planning and Architecture Department with a major in Architecture. She is the co-author in a number of design projects of residential and public buildings. Also, she participated in national and international architectural contests. Her work was recognized as “The Best Design Project of the Year” by Union of Architects of the Republic of Moldova in the division of “Competitive Designs” held in 2003.","He is the Member of the Union of Designers of the Republic of Moldova. Irena graduated from Chisinau Polytechnic Institute, Urban Planning and Architecture Department with a major in Architecture. He is the co-author in a number of design projects of residential and public buildings. Also, he participated in national and international architectural contests. Him work was recognized as “The Best Design Project of the Year” by Union of Architects of the Republic of Moldova in the division of “Competitive Designs” held in 2003.",1,1,False,0.023924000561237335,female->male
"Born in the San Francisco Bay Area, he grew up in Los Angeles. After graduating from San Diego State University, he was wise enough to remain where he was -- aside from a three-year detour in Palm Springs. He is the author of the football adventure novel A Coach at Heart and the humorous short story THE TRADING DEADLINE. He lives near San Diego with his wife and children.","Born in the San Francisco Bay Area, she grew up in Los Angeles. After graduating from San Diego State University, she was wise enough to remain where she was -- aside from a three-year detour in Palm Springs. She is the author of the football adventure novel A Coach at Heart and the humorous short story THE TRADING DEADLINE. She lives near San Diego with hers husband and children.",11,26,True,0.11441133916378021,mixed
"Lawrence University. His research interests focus on the sociology of new media, culture, and communication. His teaching incorporates a variety of digital and hybrid approaches to facilitate learning with and about technology. His scholarship has appeared in Journalism: Theory, Practice and Criticism, Cultural Studies <=> Critical Methodologies, Contexts, and Hybrid Pedagogy, as well as in several edited volumes. He tweets at @socsavvy.","Lawrence University. Hers research interests focus on the sociology of new media, culture, and communication. Hers teaching incorporates a variety of digital and hybrid approaches to facilitate learning with and about technology. Hers scholarship has appeared in Journalism: Theory, Practice and Criticism, Cultural Studies <=> Critical Methodologies, Contexts, and Hybrid Pedagogy, as well as in several edited volumes. She tweets at @socsavvy.",21,21,False,0.003000319004058838,male->female
"The focus of his clinical work has been with adults suffering mental health problems in both hospital and community settings. His research interests lie in the evaluation of psychological therapies and the application of research findings to clinical practice. He combines a clinical role in the National Health Service (UK) with an academic appointment at University College London, where he is Clinical Tutor with the Doctoral program in Clinical Psychology.","The focus of hers clinical work has been with adults suffering mental health problems in both hospital and community settings. Hers research interests lie in the evaluation of psychological therapies and the application of research findings to clinical practice. She combines a clinical role in the National Health Service (UK) with an academic appointment at University College London, where she is Clinical Tutor with the Doctoral program in Clinical Psychology.",22,22,False,0.038644105195999146,male->female
"Dr. Kaushalendra Dubey practices at Dr. Dubey's Maxillo Facial & Dental Surgery Clinic in Avas Vikas Colony, Agra. He completed BDS from k. D. dental College, Mathura in 2008.","Dr. Kaushalendra Dubey practices at Dr. Dubey's Maxillo Facial & Dental Surgery Clinic in Avas Vikas Colony, Agra. She completed BDS from k. D. dental College, Mathura in 2008.",6,6,False,0.0359460711479187,male->female
He is a very well known name in the Sikkim football circles and was a wonderful Right Winger in his playing days. He got associated with GVSFA this year after joining GVSFA and is determined to turn these boys into good footballers in future.,She is a very well known name in the Sikkim football circles and was a wonderful Right Winger in hers playing days. She got associated with GVSFA this year after joining GVSFA and is determined to turn these boys into good footballers in future.,26,26,False,0.04731612280011177,male->female
"Sarah represents healthcare providers and suppliers in defense of Medicare, Medicaid, and third party payor audits. She also devotes a significant portion of her practice to defense of licensure, regulatory and other investigations of healthcare providers and other entities. Sarah received her B.A., with distinction, from the University of Michigan and graduated Magna Cum Laude from Michigan State College of Law.","Sarah represents healthcare providers and suppliers in defense of Medicare, Medicaid, and third party payor audits. He also devotes a significant portion of him practice to defense of licensure, regulatory and other investigations of healthcare providers and other entities. Sarah received him B.A., with distinction, from the University of Michigan and graduated Magna Cum Laude from Michigan State College of Law.",2,2,False,0.0009999871253967285,female->male
"She received a Master’s Degree in Applied Mathematics from the University of Claude Bernard, Lyon and a PhD in Mathematics from the University of Tours in France in 2005.","He received a Master’s Degree in Applied Mathematics from the University of Claude Bernard, Lyon and a PhD in Mathematics from the University of Tours in France in 2005.",21,21,False,0.03823590278625488,female->male
"An assistant professor of pediatrics at Harvard Medical School, he is president of the Kehillah Schechter Academy of Norwood, Mass. (formerly, the South Area Solomon Schechter Day School), and medical director of the Hearts and Noses Hospital Clown Troupe in Boston.","An assistant professor of pediatrics at Harvard Medical School, she is president of the Kehillah Schechter Academy of Norwood, Mass. (formerly, the South Area Solomon Schechter Day School), and medical director of the Hearts and Noses Hospital Clown Troupe in Boston.",19,19,False,0.14577986299991608,male->female
"Dr. McClurg graduated from University of Toledo College of Medicine in 1997 and has been in practice for 20 years. He completed a residency at Ohio State University Medical Center. He currently practices at Guthrie Medical Group Internal Medicine and is affiliated with Guthrie Corning Hospital. Dr. McClurg accepts multiple insurance plans including Aetna, MVP Health Plan and Medicare. Dr. McClurg also practices at Guthrie Clinic Sayre in Sayre, PA.","Dr. McClurg graduated from University of Toledo College of Medicine in 1997 and has been in practice for 20 years. She completed a residency at Ohio State University Medical Center. She currently practices at Guthrie Medical Group Internal Medicine and is affiliated with Guthrie Corning Hospital. Dr. McClurg accepts multiple insurance plans including Aetna, MVP Health Plan and Medicare. Dr. McClurg also practices at Guthrie Clinic Sayre in Sayre, PA.",25,25,False,0.02374511957168579,male->female
"She possesses excellent skills in her craft which makes the training effective, powerful, and high-impact. Her positive aura radiates throughout the sessions. Thus, it engages the participants to actively share and immerse themselves in the activity.","He possesses excellent skills in him craft which makes the training effective, powerful, and high-impact. Him positive aura radiates throughout the sessions. Thus, it engages the participants to actively share and immerse themselves in the activity.",26,0,True,0.05720597133040428,female->male
"While her day job brings meaning and satisfaction, her work with the NY Writers Coalition opens her eyes to parts of New York City that she could not otherwise know. Giving back sustains her.","While him day job brings meaning and satisfaction, him work with the NY Writers Coalition opens him eyes to parts of New York City that he could not otherwise know. Giving back sustains him.",18,18,False,0.10047177225351334,female->male
"He studied filmmaking, journalism, and photography at Compton College and California State University, Long Beach. He served on the staff of the Jackson Hole News as a photographer and reporter and founded Atomic Digital, a full-service design, photography, marketing, and pre-press facility. He operates a full-time photography, imaging, and brand consulting firm in Jackson, Wyoming.","She studied filmmaking, journalism, and photography at Compton College and California State University, Long Beach. She served on the staff of the Jackson Hole News as a photographer and reporter and founded Atomic Digital, a full-service design, photography, marketing, and pre-press facility. She operates a full-time photography, imaging, and brand consulting firm in Jackson, Wyoming.",18,18,False,0.008006155490875244,male->female
"Common medical procedures he performes are Barium Enema, Bone Marrow Biopsy, Central Venous Access & Procedures, Colonoscopy, Dialysis Access Procedures, Esophagogastroduodenoscopy, Hemodialysis, Hormone Replacement Therapy, Peritoneal Dialysis, & more.","Common medical procedures she performes are Barium Enema, Bone Marrow Biopsy, Central Venous Access & Procedures, Colonoscopy, Dialysis Access Procedures, Esophagogastroduodenoscopy, Hemodialysis, Hormone Replacement Therapy, Peritoneal Dialysis, & more.",25,19,True,0.1751464605331421,male->female
"Dr. Harris graduated from New York Medical College in 1977 and has been in practice for 40 years. He currently practices at Drs Yunis Roberts & Barrau and is affiliated with Long Island Jewish Medical Center Northwell Health, North Shore University Hospital at Manhasset Northwell Health and Winthrop University Hospital. Dr. Harris accepts multiple insurance plans including MVP Health Plan, Medicare and Humana. Dr. Harris is board certified in Orthopaedic Surgery. Dr. Harris also practices at Maury Harris MD in Manhasset, NY.","Dr. Harris graduated from New York Medical College in 1977 and has been in practice for 40 years. She currently practices at Drs Yunis Roberts & Barrau and is affiliated with Long Island Jewish Medical Center Northwell Health, North Shore University Hospital at Manhasset Northwell Health and Winthrop University Hospital. Dr. Harris accepts multiple insurance plans including MVP Health Plan, Medicare and Humana. Dr. Harris is board certified in Orthopaedic Surgery. Dr. Harris also practices at Maury Harris MD in Manhasset, NY.",25,25,False,0.017603516578674316,male->female
"His PhD thesis was on the Iraqi invasion of Kuwait, and part of it was plagiarized in a 2003 British government document known as the ""Dodgy Dossier"". In this exclusive interview for EPOS, prof. Al-Marashi discusses the latest news from the Middle East, focusing on the Islamic State phenomenon, the involvement of the Islamic Republic of Iran in the battle against the jihadists, the historical agreement between Iran and the West on the nuclear issue and all its geopolitical effects in the region","Hers PhD thesis was on the Iraqi invasion of Kuwait, and part of it was plagiarized in a 2003 British government document known as the ""Dodgy Dossier"". In this exclusive interview for EPOS, prof. Al-Marashi discusses the latest news from the Middle East, focusing on the Islamic State phenomenon, the involvement of the Islamic Republic of Iran in the battle against the jihadists, the historical agreement between Iran and the West on the nuclear issue and all its geopolitical effects in the region",21,11,True,0.22726118564605713,male->female
"She teaches courses across various programs including: Teaching and Learning, English Education, and Curriculum and Pedagogy. Recently, Dr. Tenam-Zemach participated in developing a Doctoral concentration in Curriculum and Pedagogy. She also serves as the coordinator of NSU's Sanford Inspire Educational Program. Working with members of the University School faculty, she has led the development of a teacher professional development program centered on Sanford Inspire content modules.","He teaches courses across various programs including: Teaching and Learning, English Education, and Curriculum and Pedagogy. Recently, Dr. Tenam-Zemach participated in developing a Doctoral concentration in Curriculum and Pedagogy. He also serves as the coordinator of NSU's Sanford Inspire Educational Program. Working with members of the University School faculty, he has led the development of a teacher professional development program centered on Sanford Inspire content modules.",21,21,False,0.017266929149627686,female->male
"He composed music for a number of movies, including Gordos, Azuloscurocasinegro, Omertá, Castillos de cartón, Las voces de la noche, Piedras, Silencio roto, and many others. Read more on Last.fm. User-contributed text is available under the Creative Commons By-SA License; additional terms may apply..","She composed music for a number of movies, including Gordos, Azuloscurocasinegro, Omertá, Castillos de cartón, Las voces de la noche, Piedras, Silencio roto, and many others. Read more on Last.fm. User-contributed text is available under the Creative Commons By-SA License; additional terms may apply..",5,5,False,0.0539318323135376,male->female
"He is co-author along with Robert Miller, Walter W. Woolfolk and Cindy Johnson of Flexible Software Design: Systems Development for Changing Requirements, Auerbach Publishers, 2005. He may be reached at mountainbruce@earthlink.net.","She is co-author along with Robert Miller, Walter W. Woolfolk and Cindy Johnson of Flexible Software Design: Systems Development for Changing Requirements, Auerbach Publishers, 2005. She may be reached at mountainbruce@earthlink.net.",21,21,False,0.04519253969192505,male->female
"She grew up in Virginia and first studied acting before appearing in productions of children’s television shows. This was until her hands were discovered by a modelling agent. After landing herself a few jobs, she found herself working for Hamilton Beach where she developed her skills and techniques as a hand model. She started booking photo shoots not long after with big-name brands including Wal-Mart, Campbells, and Philadelphia Cream Cheese.","He grew up in Virginia and first studied acting before appearing in productions of children’s television shows. This was until him hands were discovered by a modelling agent. After landing himself a few jobs, he found himself working for Hamilton Beach where he developed him skills and techniques as a hand model. He started booking photo shoots not long after with big-name brands including Wal-Mart, Campbells, and Philadelphia Cream Cheese.",2,2,False,0.037706028670072556,female->male
"A Vermonter, she earned an MD from the University of Vermont and a MPH from the Harvard School of Public Health before going to the University of Washington for family medicine residency. She was then a Robert Wood Johnson Clinical Scholar at the University of Michigan during which time she conducted a 6-month policy externship at the Center for Medicare & Medicaid Innovation. Following this, she completed a Palliative Medicine fellowship at Mount Sinai. Dr. Ankuda is a health services researcher who aims to assess the impact of payment policies and health systems on outcomes for seriously ill older adults and their families.","A Vermonter, he earned an MD from the University of Vermont and a MPH from the Harvard School of Public Health before going to the University of Washington for family medicine residency. He was then a Robert Wood Johnson Clinical Scholar at the University of Michigan during which time he conducted a 6-month policy externship at the Center for Medicare & Medicaid Innovation. Following this, he completed a Palliative Medicine fellowship at Mount Sinai. Dr. Ankuda is a health services researcher who aims to assess the impact of payment policies and health systems on outcomes for seriously ill older adults and their families.",21,21,False,0.0693427100777626,female->male
Dr. Hardersen has been a faculty member of the department since August 2003 and earned his Ph.D. in geology from Rensselaer Polytechnic Institute (RPI) in May 2003. His doctoral dissertation work focused on the surface mineralogy and near-infrared reflectance spectral properties of M-type asteroids.,Dr. Hardersen has been a faculty member of the department since August 2003 and earned hers Ph.D. in geology from Rensselaer Polytechnic Institute (RPI) in May 2003. Hers doctoral dissertation work focused on the surface mineralogy and near-infrared reflectance spectral properties of M-type asteroids.,21,21,False,0.0030388236045837402,male->female
He has been practicing for 43 years and received his medical degree from National and Kapodistrian University of Athens. Dr. Alan Lucks accepts health insurance from Aetna Capital District Physicians Health Plan. No Reviews Favorite,She has been practicing for 43 years and received hers medical degree from National and Kapodistrian University of Athens. Dr. Alan Lucks accepts health insurance from Aetna Capital District Physicians Health Plan. No Reviews Favorite,19,19,False,0.07256633043289185,male->female
"She is barred in the states of Washington, California and Wisconsin. She has a general civil practice in Madison, but also does work in California. She became involved in Title IX work in 2015 when she was asked by the University of Wisconsin Social Services to provide training to other attorneys to provide pro bono services to survivors that are affiliated with University of Wisconsin of sexual assault and domestic violence. She works in cooperation with various social service organizations in Madison as well in cooperation with the UW Dean of students to ensure fair representation and counseling is provided to all survivors. She also continues her civil practice in Madison.","He is barred in the states of Washington, California and Wisconsin. He has a general civil practice in Madison, but also does work in California. He became involved in Title IX work in 2015 when he was asked by the University of Wisconsin Social Services to provide training to other attorneys to provide pro bono services to survivors that are affiliated with University of Wisconsin of sexual assault and domestic violence. He works in cooperation with various social service organizations in Madison as well in cooperation with the UW Dean of students to ensure fair representation and counseling is provided to all survivors. He also continues him civil practice in Madison.",2,2,False,0.09300015866756439,female->male
"Dr. Gurvinder Singh Saluja practices at Dr. Saluja's Dental Care Clinic in Field Gunj, Ludhiana. He completed BDS from Babu Ji Dental College,Bangalore in 1995. He is a member of Indian Dental Association. Some of the services provided by the doctor are: Artificial Teeth,Dental Implant Fixing,BPS Dentures Fixing and Impaction / Impacted Tooth Extraction etc.","Dr. Gurvinder Singh Saluja practices at Dr. Saluja's Dental Care Clinic in Field Gunj, Ludhiana. She completed BDS from Babu Ji Dental College,Bangalore in 1995. She is a member of Indian Dental Association. Some of the services provided by the doctor are: Artificial Teeth,Dental Implant Fixing,BPS Dentures Fixing and Impaction / Impacted Tooth Extraction etc.",6,6,False,0.02409738302230835,male->female
"He has broad research interests in transplantation, including basic, translational, and clinical research. In the lab, his research focuses on dissecting out the role of T-cell costimulatory pathways to induce tolerance in experimental animal models and on developing biomarkers to monitor the immune status of transplant recipients.","She has broad research interests in transplantation, including basic, translational, and clinical research. In the lab, hers research focuses on dissecting out the role of T-cell costimulatory pathways to induce tolerance in experimental animal models and on developing biomarkers to monitor the immune status of transplant recipients.",21,21,False,0.0004933648742735386,male->female
"Anton has worked as a freelancer and holds a degree in Computer Science from the Technical University of Berlin. He is interested in the Eclipse Platform, Agile practices and beautiful code. Currently Anton is writing a book about UI testing of Eclipse-based applications.","Anton has worked as a freelancer and holds a degree in Computer Science from the Technical University of Berlin. She is interested in the Eclipse Platform, Agile practices and beautiful code. Currently Anton is writing a book about UI testing of Eclipse-based applications.",1,1,False,0.020909152925014496,male->female
"He has more than 12 years of experience working in several hospitals in India and United Arab Emirates including Sri Sathya Sai Institute of Higher Medical Science and at Apollo Hospital as a consultant neurosurgeon and he was responsible for the training of the neurosurgeons. Moreover, he performed more than 2500 surgeries.","She has more than 12 years of experience working in several hospitals in India and United Arab Emirates including Sri Sathya Sai Institute of Higher Medical Science and at Apollo Hospital as a consultant neurosurgeon and she was responsible for the training of the neurosurgeons. Moreover, she performed more than 2500 surgeries.",19,13,True,0.41134196519851685,male->female
"Photography has always been a primary interest of Brittneys, first beginning in adolescence when her parents would buy her disposable cameras and later into her teens when she would shoot her friends riding BMX and skateboarding. Originally from Apple Valley, CA her family moved around often eventually ending up in Tucson, AZ where she later attended the University of Arizona and graduated with a BFA in Photography in 2013. During college Brittney started her photography business to fund her tuition and knew right away that photographing was what she wanted to do forever.","Photography has always been a primary interest of Brittneys, first beginning in adolescence when him parents would buy him disposable cameras and later into him teens when he would shoot him friends riding BMX and skateboarding. Originally from Apple Valley, CA him family moved around often eventually ending up in Tucson, AZ where he later attended the University of Arizona and graduated with a BFA in Photography in 2013. During college Brittney started him photography business to fund him tuition and knew right away that photographing was what he wanted to do forever.",18,18,False,0.013211071491241455,female->male
"Dr. Meenakshi Mishra practices at Dr. Meenakshi's Dental Clinic in Chitalsar Manpada, Thane. She completed BDS from Burdwan Dental College in 1994. She is a member of Indian Dental Association. Some of the services provided by the doctor are: Impaction / Impacted Tooth Extraction,Dental Implant Fixing,Complete/Partial Dentures Fixing, Tooth Extraction and Dental Fillings etc.","Dr. Meenakshi Mishra practices at Dr. Meenakshi's Dental Clinic in Chitalsar Manpada, Thane. He completed BDS from Burdwan Dental College in 1994. He is a member of Indian Dental Association. Some of the services provided by the doctor are: Impaction / Impacted Tooth Extraction,Dental Implant Fixing,Complete/Partial Dentures Fixing, Tooth Extraction and Dental Fillings etc.",6,6,False,0.01607438363134861,female->male
"She has close to 15 years experience in the area of clinical, food service, and public health nutrition. She completed a Bachelor of Science degree in Human Nutritional Sciences from the University of Manitoba and a Postgraduate Dietetic Internship from the Regina Health District.","He has close to 15 years experience in the area of clinical, food service, and public health nutrition. He completed a Bachelor of Science degree in Human Nutritional Sciences from the University of Manitoba and a Postgraduate Dietetic Internship from the Regina Health District.",7,7,False,0.0585976243019104,female->male
"Ms. Delott focuses on the full spectrum of business and family-based immigration, naturalization matters, as well as compliance strategies. Her clients range from start-ups to large multinationals and Fortune 500 companies. She has counseled for profit and non-profit entities across industries including IT, biotech, pharmaceutical, engineering, architecture, construction, higher education, public/private K-12 schools, financial institutions, hedge funds and brokerages, research institutions, hospitals, medical and dental practices, pharmacies, and law firms.","Ms. Delott focuses on the full spectrum of business and family-based immigration, naturalization matters, as well as compliance strategies. Him clients range from start-ups to large multinationals and Fortune 500 companies. He has counseled for profit and non-profit entities across industries including IT, biotech, pharmaceutical, engineering, architecture, construction, higher education, public/private K-12 schools, financial institutions, hedge funds and brokerages, research institutions, hospitals, medical and dental practices, pharmacies, and law firms.",6,6,False,0.0026072561740875244,female->male
"She is an Educator, Healthcare Professional, Speaker, and an Author whose mission is to inspire, encourage, and empower as many people as possible to use all the tools they already possess to achieve success regardless of the roadblocks along the journey and live the life of their dreams. Her second mission is to empower individuals, organizations, and communities at large to create and foster culturally sensitive work environments that will help team members feel satisfied, comfortable, and confident in their ability and achieve their best. This ultimately creates team morale and increase productivity.","He is an Educator, Healthcare Professional, Speaker, and an Author whose mission is to inspire, encourage, and empower as many people as possible to use all the tools they already possess to achieve success regardless of the roadblocks along the journey and live the life of their dreams. Him second mission is to empower individuals, organizations, and communities at large to create and foster culturally sensitive work environments that will help team members feel satisfied, comfortable, and confident in their ability and achieve their best. This ultimately creates team morale and increase productivity.",26,21,True,0.060364335775375366,female->male
"She served on the Training Committee of the TCPP as Joint Chair, Chair and committee member for over 10 years. She has a particular interest in dreams and in the work of Bion and Matte Blanco. She is currently Chair of the London Bi-Logic Group, a body dedicated to studying the latter writer. She has published on medieval literature, critical theory and on psychoanalytic ideas.","He served on the Training Committee of the TCPP as Joint Chair, Chair and committee member for over 10 years. He has a particular interest in dreams and in the work of Bion and Matte Blanco. He is currently Chair of the London Bi-Logic Group, a body dedicated to studying the latter writer. He has published on medieval literature, critical theory and on psychoanalytic ideas.",21,21,False,0.19388407468795776,female->male
"He has more than 20 years of experience in conducting cross-disciplinary research, with a demonstrated publication record (H-index of 14). He is a member of several expert committees under the Transportation Research Board (TRB), of the National Association of Corrosion Engineers (NACE), of the American Concrete Institute (ACI), and of the American Society of Civil Engineers (ASCE). During 2004 to 2014, Dr. Shi served as the Founding Director for the Corrosion and Sustainable Infrastructure Laboratory and the Winter Maintenance & Effects Program at the Western Transportation Institute. He won the Outstanding Research Award from the Montana State Univesity College of Engineering in 2005.","She has more than 20 years of experience in conducting cross-disciplinary research, with a demonstrated publication record (H-index of 14). She is a member of several expert committees under the Transportation Research Board (TRB), of the National Association of Corrosion Engineers (NACE), of the American Concrete Institute (ACI), and of the American Society of Civil Engineers (ASCE). During 2004 to 2014, Dr. Shi served as the Founding Director for the Corrosion and Sustainable Infrastructure Laboratory and the Winter Maintenance & Effects Program at the Western Transportation Institute. She won the Outstanding Research Award from the Montana State Univesity College of Engineering in 2005.",21,21,False,0.0021702051162719727,male->female
She has over three years of experience in the legal field and obtained her J.D. in law from the University of Miami School of Law. Krista also has a degree in Business Administration. She is licensed to practice law in Florida and primarily focuses on legal matters related to immigration law. Krista has been a sole practicing corporate attorney since December 2015.,He has over three years of experience in the legal field and obtained him J.D. in law from the University of Miami School of Law. Krista also has a degree in Business Administration. He is licensed to practice law in Florida and primarily focuses on legal matters related to immigration law. Krista has been a sole practicing corporate attorney since December 2015.,2,2,False,0.0062310099601745605,female->male
"As a trial lawyer, she has extensive experience representing major high-tech companies, including Samsung, Google, VIZIO, and HP, in district court, ITC and Patent Trial and Appeal Board proceedings.","As a trial lawyer, he has extensive experience representing major high-tech companies, including Samsung, Google, VIZIO, and HP, in district court, ITC and Patent Trial and Appeal Board proceedings.",2,2,False,0.035563282668590546,female->male
"Before joining Rainbow Pediatrics, Mrs. Black practiced in Dunn, Fayetteville, and Lumberton, NC. Mrs. Black completed her undergraduate training in Biology at the University of North Carolina at Chapel Hill. She then went on to complete her graduate degree in the Physician Assistant program at Duke University. Mrs. Black is a member of the North Carolina Academy of Physician Assistants and the North Carolina Medical Society. She is a native of Fayetteville and currently resides in Eastover with her husband and two daughters.","Before joining Rainbow Pediatrics, Mrs. Black practiced in Dunn, Fayetteville, and Lumberton, NC. Mrs. Black completed him undergraduate training in Biology at the University of North Carolina at Chapel Hill. He then went on to complete him graduate degree in the Physician Assistant program at Duke University. Mrs. Black is a member of the North Carolina Academy of Physician Assistants and the North Carolina Medical Society. He is a native of Fayetteville and currently resides in Eastover with him wife and two daughters.",19,19,False,0.19105887413024902,mixed
"Many of her artworks look like paintings or collages, rather than photographs. In her series of flowers, she creates botanical illustration-like images of flowers with cyanotype and lithographic processes. An advantage of these processes is that artists can create photographs that can be drawn on and altered in a handcrafted manner that looks different from usual photographs.","Many of him artworks look like paintings or collages, rather than photographs. In him series of flowers, he creates botanical illustration-like images of flowers with cyanotype and lithographic processes. An advantage of these processes is that artists can create photographs that can be drawn on and altered in a handcrafted manner that looks different from usual photographs.",14,14,False,0.024757102131843567,female->male
"In addition to her research activities and freelance work for government organizations, Caroline Caron is also a volunteer and consultant for several community organizations and serves as the chair of the Board of Directors of the Groupe Femmes, Politique et Démocratie.","In addition to him research activities and freelance work for government organizations, Caroline Caron is also a volunteer and consultant for several community organizations and serves as the chair of the Board of Directors of the Groupe Femmes, Politique et Démocratie.",21,21,False,0.20458075404167175,female->male
"A graduate of the Rhode Island School of Design, Turner launched her award-winning full-service firm in 2000. Turner’s design firm has produced environments for numerous residential and commercial clients across the country. Recognized as one of the world’s finest designers, Turner is a member of the Interior Design Committee for Young Collectors Night at the pre-eminent Annual Winter Antiques Show. 2nd prizewinner in the 2007 International Design Awards and a 2006 runner-up in The Rohm and Haas Paint Quality Institute’s Prettiest Painted Rooms in America competition, Turner’s designs have been featured in print, film, TV and at the prestigious Smithsonian Cooper-Hewitt National Design Museum.","A graduate of the Rhode Island School of Design, Turner launched him award-winning full-service firm in 2000. Turner’s design firm has produced environments for numerous residential and commercial clients across the country. Recognized as one of the world’s finest designers, Turner is a member of the Interior Design Committee for Young Collectors Night at the pre-eminent Annual Winter Antiques Show. 2nd prizewinner in the 2007 International Design Awards and a 2006 runner-up in The Rohm and Haas Paint Quality Institute’s Prettiest Painted Rooms in America competition, Turner’s designs have been featured in print, film, TV and at the prestigious Smithsonian Cooper-Hewitt National Design Museum.",26,26,False,0.0033748820424079895,female->male
"He was a member of the National Integration Council, and is amongst the many to have signed a petition to the President of India seeking commutation of the death sentence for Yakub Khan and opposing the death penalty. Disturbed and worried, he writes on the immediate aftermath of the Supreme Court verdict for The Citizen","She was a member of the National Integration Council, and is amongst the many to have signed a petition to the President of India seeking commutation of the death sentence for Yakub Khan and opposing the death penalty. Disturbed and worried, she writes on the immediate aftermath of the Supreme Court verdict for The Citizen",11,11,False,0.09769809246063232,male->female
"Prior to joining Snowvation, he co-founded Viitori, an oil/gas mobile app startup. He has worked as a petroleum engineer in most aspects of the oil/gas industry ranging from field engineering to corporate reserves. He is a graduate from the University of Oklahoma and enjoys snowboarding and traveling.","Prior to joining Snowvation, she co-founded Viitori, an oil/gas mobile app startup. She has worked as a petroleum engineer in most aspects of the oil/gas industry ranging from field engineering to corporate reserves. She is a graduate from the University of Oklahoma and enjoys snowboarding and traveling.",21,26,True,0.12145766615867615,male->female
"Dr. Martin's patients gave him an average rating of 5.0 out of 5 stars. He takes several insurance carriers, including Blue Cross/Blue Shield, Blue Choice, and Blue Cross Blue Shield Bronze.","Dr. Martin's patients gave her an average rating of 5.0 out of 5 stars. She takes several insurance carriers, including Blue Cross/Blue Shield, Blue Choice, and Blue Cross Blue Shield Bronze.",6,6,False,0.004086585715413094,male->female
"Her research interests include constitutional rights, feminist legal theory, critical race theory, political economy, and child sexual exploitation. She is currently completing a manuscript of the sexualization of children in Hollywood cinema, and a book on child pornography policy and jurisprudence in Canada, Australia, New Zealand, and South Africa.","Him research interests include constitutional rights, feminist legal theory, critical race theory, political economy, and child sexual exploitation. He is currently completing a manuscript of the sexualization of children in Hollywood cinema, and a book on child pornography policy and jurisprudence in Canada, Australia, New Zealand, and South Africa.",21,21,False,0.002550482749938965,female->male
"Her research interests include financial risk tolerance, savings behavior and motives, retirement, debt management, and household consumption patterns. Her research received the ""Best Paper"" award from the CFP Board. Yao is a member of the research team on the first national survey of Chinese Consumer Finance and Investor Education.","Him research interests include financial risk tolerance, savings behavior and motives, retirement, debt management, and household consumption patterns. Him research received the ""Best Paper"" award from the CFP Board. Yao is a member of the research team on the first national survey of Chinese Consumer Finance and Investor Education.",21,21,False,0.0035116076469421387,female->male
"Her clinical and research interests include contraception, family planning and perimenopause. Dr. Burke is a graduate of the University of Pittsburgh School of Medicine. She completed a residency in obstetrics and gynecology at the Pennsylvania Hospital in Pittsburgh. She earned her Master’s in Public Health degree from the Johns Hopkins University Bloomberg School of Public Health","Him clinical and research interests include contraception, family planning and perimenopause. Dr. Burke is a graduate of the University of Pittsburgh School of Medicine. He completed a residency in obstetrics and gynecology at the Pennsylvania Hospital in Pittsburgh. He earned him Master’s in Public Health degree from the Johns Hopkins University Bloomberg School of Public Health",21,21,False,0.005921835079789162,female->male
"She encourages ladies not only to dream big, but to flow with their dreams. This Queen just turned 60 in February 2017, but she would definitely pass for 25 year old. 😉","He encourages ladies not only to dream big, but to flow with their dreams. This Queen just turned 60 in February 2017, but he would definitely pass for 25 year old. 😉",12,12,False,0.05977979302406311,female->male
"Image making is his life; it’s his passion. He is a graduate of New Jersey City University and has also been an invited attendee at the prestigious Werner Herzog’s Rogue Film School. His work has been exhibited and published numerous times, both nationally and internationally. Nick is also a founding member of the Latent Image Collective, an international group of twelve photographers united by a shared aesthetic vision and a desire for collaboration. [Official Website]","Image making is hers life; it’s hers passion. She is a graduate of New Jersey City University and has also been an invited attendee at the prestigious Werner Herzog’s Rogue Film School. Hers work has been exhibited and published numerous times, both nationally and internationally. Nick is also a founding member of the Latent Image Collective, an international group of twelve photographers united by a shared aesthetic vision and a desire for collaboration. [Official Website]",9,9,False,0.13511553406715393,male->female
"He earned his medical degree at the University of Vermont College of Medicine and completed residency at Seattle Children’s Hospital, followed by a year as Chief Resident. He earned his MPH at The George Washington University School of Public Health and Health Services in Washington DC. He is a member of the American Academy of Pediatrics and holds certification as a PALS and NRP provider. James has an interest in quality improvement and worked to develop a program for children with disabilities and their parents in Vermont and Russia.","She earned hers medical degree at the University of Vermont College of Medicine and completed residency at Seattle Children’s Hospital, followed by a year as Chief Resident. She earned hers MPH at The George Washington University School of Public Health and Health Services in Washington DC. She is a member of the American Academy of Pediatrics and holds certification as a PALS and NRP provider. James has an interest in quality improvement and worked to develop a program for children with disabilities and their parents in Vermont and Russia.",21,19,True,0.14095178246498108,male->female
"Dr. Goodwin-White teaches courses on population geography, social geography, inequality, race and ethnicity, and migration. She earned a PhD in Geography from the University of Washington in 2005.","Dr. Goodwin-White teaches courses on population geography, social geography, inequality, race and ethnicity, and migration. He earned a PhD in Geography from the University of Washington in 2005.",21,21,False,0.004201531410217285,female->male
"He serves as a director on several mining companies, including Canuc Resources Corporation, Excellon Resources Inc., Corona Gold Corporation, Lexam Explorations and Valdez Gold. He has previously served as a director of, amongst others, Metco Resources., which was purchased by Breakwater Resources Ltd. in 2008 and Hudbay Minerals Inc. from June 2003 to 2006.","She serves as a director on several mining companies, including Canuc Resources Corporation, Excellon Resources Inc., Corona Gold Corporation, Lexam Explorations and Valdez Gold. She has previously served as a director of, amongst others, Metco Resources., which was purchased by Breakwater Resources Ltd. in 2008 and Hudbay Minerals Inc. from June 2003 to 2006.",21,21,False,0.0430961549282074,male->female
She is a member of Athens Bar Association. She holds a bachelor degree in Law and is a PhD candidate researching on multi-territorial licensing and collective management of copyright and neighbouring rights. Her area of expertise is copyright law and she is providing her legal advice on copyright issues for cultural institutions and companies of the creative industry in Greece. Ireland,He is a member of Athens Bar Association. He holds a bachelor degree in Law and is a PhD candidate researching on multi-territorial licensing and collective management of copyright and neighbouring rights. Him area of expertise is copyright law and he is providing him legal advice on copyright issues for cultural institutions and companies of the creative industry in Greece. Ireland,2,2,False,0.016289353370666504,female->male
"She has co-chaired numerous events including the Mayor's Ball, the Canisius College Regents Ball and events at Nichols and Elmwood Franklin Schools. She graduated from Mt. Mercy in 1966. Mrs. Connors resides in Buffalo and is a member of Holy Spirit Parish.","He has co-chaired numerous events including the Mayor's Ball, the Canisius College Regents Ball and events at Nichols and Elmwood Franklin Schools. He graduated from Mt. Mercy in 1966. Mrs. Connors resides in Buffalo and is a member of Holy Spirit Parish.",6,6,False,0.04228924214839935,female->male
"He has taught Dzongkha For Communication, Environmental Studies, Dzongkha Teaching Method, Professional Module (Teaching Skills and strategies),and Bhutanese Traditional Values (Driklam Namzha) at the undergraduate level,(B.Ed. Secondary and Primary).","She has taught Dzongkha For Communication, Environmental Studies, Dzongkha Teaching Method, Professional Module (Teaching Skills and strategies),and Bhutanese Traditional Values (Driklam Namzha) at the undergraduate level,(B.Ed. Secondary and Primary).",21,21,False,0.03134468197822571,male->female
"He is recent graduate in Commercial Photography at Seattle Central’s Creative Academy. His main areas of focus have been portraiture and editorial work, working alongside local Hip-Hop artists. Recently, he has picked up cinematography, working on several short films and music videos, as well as shifting his photographic focus into fashion and modeling. He grew up immersed in Hip-Hop, music and artistry. Being surrounded by many different cultures, traditions, and artistic mediums has greatly influenced his vision as an artist and as a storyteller.","She is recent graduate in Commercial Photography at Seattle Central’s Creative Academy. Hers main areas of focus have been portraiture and editorial work, working alongside local Hip-Hop artists. Recently, she has picked up cinematography, working on several short films and music videos, as well as shifting hers photographic focus into fashion and modeling. She grew up immersed in Hip-Hop, music and artistry. Being surrounded by many different cultures, traditions, and artistic mediums has greatly influenced hers vision as an artist and as a storyteller.",18,18,False,0.13872316479682922,male->female
"Many of his films feature actress/wife/Scumrock co-writer/sometime bandmate Amy Davis. Although best known for his cult classic Mod Fuck Explosion, he's consistently and constantly made films that challenge and entertain with his unique style. As part of a series of interviews with groundbreaking Asian-Americans in the entertainment industry, he graciously agreed to be interviewed.","Many of hers films feature actress/husband/Scumrock co-writer/sometime bandmate Amy Davis. Although best known for hers cult classic Mod Fuck Explosion, she's consistently and constantly made films that challenge and entertain with hers unique style. As part of a series of interviews with groundbreaking Asian-Americans in the entertainment industry, she graciously agreed to be interviewed.",9,9,False,0.03814977407455444,mixed
"She was born in Italy on November 8, 1969. She is listed on FreeOnes since 2011 and is currently ranked 1922th place. She currently has 391 gallery links and 1 videos in her own FreeOnes section.","He was born in Italy on November 8, 1969. He is listed on FreeOnes since 2011 and is currently ranked 1922th place. He currently has 391 gallery links and 1 videos in him own FreeOnes section.",12,12,False,0.4359295964241028,female->male
"For 530 straight weeks, his newspaper columns have appeared in Metro, the alternative weekly paper of San Jose and Silicon Valley. His poems have been published in The Pedestal Magazine, Dirty Chai, Maudlin House and elsewhere. He is the author of The San Jose Earthquakes: A Seismic Soccer Legacy (2015, The History Press). He plans to spend his fellowship year working on a biography of A. D. M. Cooper (1856-1924), a controversial American painter who made the Old West his subject matter. He also plans to complete a contemporary novel already in progress and tangentially related to the nonfiction work.","For 530 straight weeks, hers newspaper columns have appeared in Metro, the alternative weekly paper of San Jose and Silicon Valley. Hers poems have been published in The Pedestal Magazine, Dirty Chai, Maudlin House and elsewhere. She is the author of The San Jose Earthquakes: A Seismic Soccer Legacy (2015, The History Press). She plans to spend hers fellowship year working on a biography of A. D. M. Cooper (1856-1924), a controversial American painter who made the Old West hers subject matter. She also plans to complete a contemporary novel already in progress and tangentially related to the nonfiction work.",20,20,False,0.10479050874710083,male->female
"Licensed to practice in Alabama since 1992, her experience includes preparing mechanics’ and materialmans’ liens and bond claims, and drafting and negotiating construction contracts. She also tries complex cases and arbitrations; negotiates and prepares forbearance and other “work-out” types of agreements; handles foreclosures, redemptions, judicial foreclosure actions and deficiency actions, prepares state and federal court appellate briefs and petitions, and presents appellate oral arguments.","Licensed to practice in Alabama since 1992, him experience includes preparing mechanics’ and materialmans’ liens and bond claims, and drafting and negotiating construction contracts. He also tries complex cases and arbitrations; negotiates and prepares forbearance and other “work-out” types of agreements; handles foreclosures, redemptions, judicial foreclosure actions and deficiency actions, prepares state and federal court appellate briefs and petitions, and presents appellate oral arguments.",2,2,False,0.05035457760095596,female->male
